SheetName,National Data Bank Version 8.2 - Supplemental Nutrition Assistance Program,Unnamed: 1,Unnamed: 2,Unnamed: 3,Unnamed: 4,01/15/2015
NERO,"SNAP Monthly State Participation and Benefit Summary, Fiscal Year 1989",,,,,
NERO,Fiscal Year and Month,Participation 1/,,Benefit,,
NERO,,Household,Persons,Per Household,Per Person,Cost
NERO,,----------------- Number -----------------,,------------------------------------------------------------------- Dollars -------------------------------------------------------------------,,
NERO,Connecticut,,,,,
NERO,Oct 1988,40621,108805,105.5879,39.42,4289088
NERO,Nov 1988,40988,109264,105.909,39.7295,4341000
NERO,Dec 1988,41109,109456,105.5543,39.6436,4339230
NERO,Jan 1989,42033,111600,102.5837,38.6371,4311901
NERO,Feb 1989,42598,112990,104.391,39.3561,4446846
NERO,Mar 1989,42639,113145,104.9716,39.5588,4475884
NERO,Apr 1989,43758,115559,105.0394,39.7746,4596316
NERO,May 1989,43888,115480,100.6302,38.2444,4416458
NERO,Jun 1989,43654,115283,101.0803,38.2759,4412559
NERO,Jul 1989,43782,115384,97.5934,37.0314,4272833
NERO,Aug 1989,44817,117896,96.0268,36.5036,4303634
NERO,Sep 1989,44530,117600,96.7097,36.6198,4306483
NERO,Total,42868.0833,113538.5,102.0811,38.5422,52512232
NERO,,,,,,
NERO,,,,,,
NERO,Maine,,,,,
NERO,Oct 1988,35691,80656,110.6488,48.9631,3949167
NERO,Nov 1988,35523,79715,108.4954,48.3483,3854081
NERO,Dec 1988,36521,82620,109.3418,48.333,3993273
NERO,Jan 1989,37527,85204,104.4049,45.9838,3918004
NERO,Feb 1989,38190,87143,106.3064,46.5883,4059842
NERO,Mar 1989,38831,88446,107.0716,47.0083,4157698
NERO,Apr 1989,37810,86138,106.6027,46.7929,4030647
NERO,May 1989,37962,87082,108.9418,47.4914,4135647
NERO,Jun 1989,37246,84467,106.8857,47.1316,3981065
NERO,Jul 1989,37044,84003,107.5579,47.4313,3984375
NERO,Aug 1989,37248,84185,108.5717,48.038,4044079
NERO,Sep 1989,36679,82356,106.5837,47.4693,3909383
NERO,Total,37189.3333,84334.5833,107.5964,47.4472,48017261
NERO,,,,,,
NERO,,,,,,
NERO,Massachusetts,,,,,
NERO,Oct 1988,132536,307086,95.7831,41.3392,12694704
NERO,Nov 1988,134248,310775,94.1164,40.6562,12634941
NERO,Dec 1988,134235,310443,93.9974,40.6443,12617735
NERO,Jan 1989,134952,312101,93.952,40.6247,12679005
NERO,Feb 1989,135869,313456,93.9541,40.7249,12765451
NERO,Mar 1989,137442,316444,93.6404,40.6711,12870119
NERO,Apr 1989,136394,313306,93.587,40.742,12764700
NERO,May 1989,135932,312177,94.2888,41.0564,12816860
NERO,Jun 1989,138951,319111,91.8491,39.994,12762528
NERO,Jul 1989,137767,316846,93.3486,40.5887,12860360
NERO,Aug 1989,138948,319841,94.4023,41.011,13117013
NERO,Sep 1989,139995,322345,93.8727,40.7691,13141710
NERO,Total,136439.0833,314494.25,93.8912,40.7334,153725126
NERO,,,,,,
NERO,,,,,,
NERO,New Hampshire,,,,,
NERO,Oct 1988,9044,18851,95.0435,45.5983,859573
NERO,Nov 1988,9183,19254,95.1795,45.3949,874033
NERO,Dec 1988,9501,20037,97.4949,46.2294,926299
NERO,Jan 1989,9918,21170,96.3603,45.1441,955701
NERO,Feb 1989,10221,22066,100.5053,46.5542,1027265
NERO,Mar 1989,10652,23227,102.8556,47.17,1095618
NERO,Apr 1989,10535,23016,101.4148,46.4201,1068405
NERO,May 1989,10535,23095,101.5646,46.3296,1069983
NERO,Jun 1989,10497,22602,98.995,45.9761,1039151
NERO,Jul 1989,10588,22687,97.0349,45.2861,1027405
NERO,Aug 1989,10782,23222,99.9266,46.396,1077409
NERO,Sep 1989,10735,23168,99.0052,45.8745,1062821
NERO,Total,10182.5833,21866.25,98.8916,46.0514,12083663
NERO,,,,,,
NERO,,,,,,
NERO,New York,,,,,
NERO,Oct 1988,651778,1494329,119.8541,52.2765,78118270
NERO,Nov 1988,649541,1484397,120.0687,52.5395,77989550
NERO,Dec 1988,651857,1493627,120.6822,52.6688,78667519
NERO,Jan 1989,659846,1502222,116.9839,51.3848,77191353
NERO,Feb 1989,636215,1438246,121.6641,53.8187,77404538
NERO,Mar 1989,656503,1468033,118.8794,53.1628,78044711
NERO,Apr 1989,657658,1468739,118.128,52.8942,77687835
NERO,May 1989,656260,1468158,118.0803,52.7814,77491383
NERO,Jun 1989,659489,1463751,116.9112,52.674,77101621
NERO,Jul 1989,635120,1410743,120.6381,54.3116,76619674
NERO,Aug 1989,638620,1409738,121.0086,54.8176,77278501
NERO,Sep 1989,650229,1448317,118.3739,53.1445,76970150
NERO,Total,650259.6667,1462525,119.2556,53.0227,930565105
NERO,,,,,,
NERO,,,,,,
NERO,Rhode Island,,,,,
NERO,Oct 1988,24568,55993,99.3002,43.5699,2439607
NERO,Nov 1988,24471,55483,100.733,44.4287,2465037
NERO,Dec 1988,24610,55830,101.1636,44.5932,2489636
NERO,Jan 1989,24844,56501,118.3939,52.0589,2941379
NERO,Feb 1989,24975,56738,118.5623,52.1889,2961093
NERO,Mar 1989,25318,57668,119.329,52.389,3021171
NERO,Apr 1989,25176,57408,119.4842,52.3992,3008134
NERO,May 1989,25010,56822,116.6286,51.3337,2916881
NERO,Jun 1989,25104,57123,117.0247,51.4292,2937789
NERO,Jul 1989,25010,57001,99.6093,43.705,2491229
NERO,Aug 1989,25339,57680,99.1559,43.5595,2512512
NERO,Sep 1989,25340,57958,95.9187,41.9369,2430580
NERO,Total,24980.4167,56850.4167,108.8021,47.8083,32615048
NERO,,,,,,
NERO,,,,,,
NERO,Vermont,,,,,
NERO,Oct 1988,14317,31736,95.3765,43.027,1365506
NERO,Nov 1988,14807,33185,97.4758,43.4933,1443324
NERO,Dec 1988,15201,34182,97.244,43.2452,1478206
NERO,Jan 1989,15113,33746,95.7383,42.876,1446893
NERO,Feb 1989,15594,35413,98.2117,43.2472,1531514
NERO,Mar 1989,15730,35552,98.3584,43.5187,1547178
NERO,Apr 1989,15425,34624,95.0971,42.3658,1466873
NERO,May 1989,15529,35140,97.2052,42.9567,1509500
NERO,Jun 1989,15273,34222,94.5489,42.1964,1444045
NERO,Jul 1989,15040,33171,90.1697,40.8837,1356153
NERO,Aug 1989,15321,34092,92.6803,41.6507,1419955
NERO,Sep 1989,15177,33640,91.2124,41.1513,1384330
NERO,Total,15210.5833,34058.5833,95.2926,42.5577,17393477
NERO,,,,,,
NERO,,,,,,
NERO,NERO,,,,,
NERO,Oct 1988,908555,2097456,114.1548,49.4484,103715915
NERO,Nov 1988,908761,2092073,114.0035,49.5212,103601966
NERO,Dec 1988,913034,2106195,114.4666,49.6212,104511898
NERO,Jan 1989,924233,2122544,111.9244,48.736,103444236
NERO,Feb 1989,903662,2066052,115.3048,50.4327,104196549
NERO,Mar 1989,927115,2102515,113.4836,50.0412,105212379
NERO,Apr 1989,926756,2098790,112.8915,49.8492,104622910
NERO,May 1989,925116,2097954,112.8039,49.7421,104356712
NERO,Jun 1989,930214,2096559,111.4569,49.4519,103678758
NERO,Jul 1989,904351,2039835,113.4648,50.3041,102612029
NERO,Aug 1989,911075,2046654,113.8799,50.694,103753103
NERO,Sep 1989,922685,2085384,111.8534,49.4899,103205457
NERO,Total,917129.75,2087667.5833,113.2984,49.7729,1246911912
NERO,,,,,,
NERO,,,,,,
NERO,1. FNS-388 data. Totals are averaged.,,,,,
NERO,ALL DATA SUBJECT TO REVISION,,,,,
MARO,"SNAP Monthly State Participation and Benefit Summary, Fiscal Year 1989",,,,,
MARO,Fiscal Year and Month,Participation 1/,,Benefit,,
MARO,,Household,Persons,Per Household,Per Person,Cost
MARO,,----------------- Number -----------------,,------------------------------------------------------------------- Dollars -------------------------------------------------------------------,,
MARO,Delaware,,,,,
MARO,Oct 1988,10654,28767,138.3512,51.2391,1473994
MARO,Nov 1988,10670,28810,138.473,51.2845,1477507
MARO,Dec 1988,11141,30081,147.6871,54.6984,1645382
MARO,Jan 1989,10932,29517,148.5344,55.0116,1623778
MARO,Feb 1989,10931,29512,147.9885,54.8137,1617662
MARO,Mar 1989,11290,30483,149.6937,55.4421,1690042
MARO,Apr 1989,11281,30459,142.0823,52.6225,1602830
MARO,May 1989,10926,29501,140.5237,52.0444,1535362
MARO,Jun 1989,10940,29539,139.8848,51.8074,1530340
MARO,Jul 1989,10904,29441,139.8892,51.8105,1525352
MARO,Aug 1989,11217,30286,137.6587,50.9845,1544118
MARO,Sep 1989,11208,30262,140.6834,52.1043,1576779
MARO,Total,11007.8333,29721.5,142.6495,52.8325,18843146
MARO,,,,,,
MARO,,,,,,
MARO,District of Columbia,,,,,
MARO,Oct 1988,25414,58940,117.1494,50.513,2977234
MARO,Nov 1988,25854,59833,117.71,50.8628,3043274
MARO,Dec 1988,25957,60173,117.8472,50.8361,3058959
MARO,Jan 1989,25252,58175,116.4857,50.5629,2941496
MARO,Feb 1989,25050,57598,116.0402,50.4672,2906808
MARO,Mar 1989,24536,56402,121.0275,52.6494,2969531
MARO,Apr 1989,25361,58583,116.0661,50.2458,2943552
MARO,May 1989,25067,58029,115.3748,49.8389,2892101
MARO,Jun 1989,25225,57946,115.4809,50.271,2913005
MARO,Jul 1989,25174,57983,115.6182,50.197,2910572
MARO,Aug 1989,25573,58903,116.1278,50.4174,2969735
MARO,Sep 1989,25678,59415,116.1596,50.2019,2982747
MARO,Total,25345.0833,58498.3333,116.7518,50.5841,35509014
MARO,,,,,,
MARO,,,,,,
MARO,Maryland,,,,,
MARO,Oct 1988,104553,246116,139.4658,59.2467,14581566
MARO,Nov 1988,105092,247080,139.2477,59.227,14633817
MARO,Dec 1988,106723,250104,139.5906,59.5653,14897526
MARO,Jan 1989,106689,249662,136.7382,58.4328,14588460
MARO,Feb 1989,106667,249456,138.3458,59.1565,14756935
MARO,Mar 1989,108075,252499,139.2828,59.616,15052988
MARO,Apr 1989,106635,249777,138.8656,59.2846,14807928
MARO,May 1989,106310,249038,138.6639,59.1932,14741357
MARO,Jun 1989,105978,248137,139.0411,59.3837,14735293
MARO,Jul 1989,105399,246939,134.4822,57.3999,14174286
MARO,Aug 1989,106331,248688,136.2263,58.246,14485074
MARO,Sep 1989,106060,248276,135.9492,58.0756,14418769
MARO,Total,106209.3333,248814.3333,137.9932,58.904,175873999
MARO,,,,,,
MARO,,,,,,
MARO,New Jersey,,,,,
MARO,Oct 1988,135148,351533,142.3565,54.7294,19239193
MARO,Nov 1988,134449,348351,141.782,54.722,19062453
MARO,Dec 1988,139492,363346,144.5321,55.4872,20161067
MARO,Jan 1989,132807,341918,139.306,54.1089,18500813
MARO,Feb 1989,136284,351673,141.199,54.7189,19243162
MARO,Mar 1989,138154,356461,140.8162,54.5763,19454319
MARO,Apr 1989,136290,348944,142.0831,55.4946,19364501
MARO,May 1989,135211,345271,140.6921,55.0962,19023115
MARO,Jun 1989,137963,353913,140.1857,54.6474,19340435
MARO,Jul 1989,138205,355355,138.9209,54.0292,19199564
MARO,Aug 1989,139257,357935,139.0982,54.1171,19370401
MARO,Sep 1989,140617,361026,140.0987,54.5674,19700263
MARO,Total,136989.75,352977.1667,140.9225,54.6918,231659286
MARO,,,,,,
MARO,,,,,,
MARO,Pennsylvania,,,,,
MARO,Oct 1988,385839,916318,121.0172,50.9574,46693139
MARO,Nov 1988,383396,905880,119.4541,50.5566,45798209
MARO,Dec 1988,386907,917300,120.8126,50.9574,46743232
MARO,Jan 1989,388529,920472,120.5791,50.8961,46848463
MARO,Feb 1989,389494,918543,118.9305,50.4306,46322703
MARO,Mar 1989,397452,938790,119.296,50.5059,47414444
MARO,Apr 1989,393872,930664,118.9697,50.3499,46858837
MARO,May 1989,389661,913707,117.474,50.0982,45775052
MARO,Jun 1989,387954,912119,118.0405,50.2065,45794272
MARO,Jul 1989,387757,911206,117.3831,49.9515,45516135
MARO,Aug 1989,386364,901156,116.5272,49.9602,45021934
MARO,Sep 1989,388003,908116,117.0194,49.9979,45403896
MARO,Total,388769,916189.25,118.7917,50.4072,554190316
MARO,,,,,,
MARO,,,,,,
MARO,Puerto Rico,,,,,
MARO, No data found.,,,,,
MARO,,,,,,
MARO,,,,,,
MARO,Virginia,,,,,
MARO,Oct 1988,134168,325975,126.4384,52.0408,16963989
MARO,Nov 1988,133829,323468,124.7556,51.6153,16695913
MARO,Dec 1988,137888,335433,126.2513,51.8987,17408543
MARO,Jan 1989,138972,337707,125.7207,51.7361,17471651
MARO,Feb 1989,138093,334666,125.7593,51.892,17366475
MARO,Mar 1989,142370,346190,127.7046,52.5183,18181301
MARO,Apr 1989,140650,341850,127.2932,52.3732,17903783
MARO,May 1989,137958,332544,123.4435,51.2113,17030022
MARO,Jun 1989,138041,333138,123.6281,51.2273,17065745
MARO,Jul 1989,135991,326986,123.0507,51.1758,16733785
MARO,Aug 1989,136181,325167,122.1328,51.1496,16632171
MARO,Sep 1989,136526,327117,124.5889,51.9986,17009630
MARO,Total,137555.5833,332520.0833,125.0785,51.742,206463008
MARO,,,,,,
MARO,,,,,,
MARO,Virgin Islands,,,,,
MARO,Oct 1988,4712,17136,272.2284,74.8564,1282740
MARO,Nov 1988,4660,16941,267.97,73.7111,1248740
MARO,Dec 1988,4685,17108,269.0378,73.6756,1260442
MARO,Jan 1989,4453,17057,272.519,71.1454,1213527
MARO,Feb 1989,4249,15449,262.0362,72.0689,1113392
MARO,Mar 1989,4407,16052,269.7009,74.0451,1188572
MARO,Apr 1989,4404,15908,261.807,72.4791,1152998
MARO,May 1989,4421,15954,254.216,70.4456,1123889
MARO,Jun 1989,4499,16185,255.4977,71.0216,1149484
MARO,Jul 1989,4444,16067,254.0657,70.2725,1129068
MARO,Aug 1989,4337,15577,253.671,70.6279,1100171
MARO,Sep 1989,4394,15894,286.2021,79.1224,1257572
MARO,Total,4472.0833,16277.3333,264.9883,72.8037,14220595
MARO,,,,,,
MARO,,,,,,
MARO,West Virginia,,,,,
MARO,Oct 1988,90828,251290,152.4191,55.0914,13843918
MARO,Nov 1988,91005,251512,150.5589,54.477,13701612
MARO,Dec 1988,94044,260336,151.0845,54.5779,14208589
MARO,Jan 1989,95260,263668,151.333,54.6747,14415980
MARO,Feb 1989,95235,263817,150.8761,54.4646,14368690
MARO,Mar 1989,96565,267320,150.6102,54.4055,14543676
MARO,Apr 1989,95594,264332,151.303,54.7178,14463659
MARO,May 1989,94698,260903,148.7443,53.9886,14085792
MARO,Jun 1989,93920,258388,148.842,54.1018,13979243
MARO,Jul 1989,93329,256646,148.5547,54.0217,13864459
MARO,Aug 1989,93907,257470,147.692,53.8677,13869313
MARO,Sep 1989,93245,255058,148.4504,54.271,13842253
MARO,Total,93969.1667,259228.3333,150.0379,54.3881,169187184
MARO,,,,,,
MARO,,,,,,
MARO,MARO,,,,,
MARO,Oct 1988,891316,2196075,131.3292,53.3023,117055773
MARO,Nov 1988,888955,2181875,130.1095,53.0102,115661525
MARO,Dec 1988,906837,2233881,131.6485,53.4423,119383740
MARO,Jan 1989,902894,2218176,130.2525,53.0184,117604168
MARO,Feb 1989,906003,2220714,129.9067,52.9991,117695827
MARO,Mar 1989,922849,2264197,130.5684,53.2175,120494873
MARO,Apr 1989,914087,2240517,130.2919,53.1565,119098088
MARO,May 1989,904252,2204947,128.5114,52.7027,116206690
MARO,Jun 1989,904520,2209365,128.8062,52.7336,116507817
MARO,Jul 1989,901203,2200623,127.6663,52.2821,115053221
MARO,Aug 1989,903167,2195182,127.3219,52.3842,114992917
MARO,Sep 1989,905731,2205164,128.2852,52.6908,116191909
MARO,Total,904317.8333,2214226.3333,129.5587,52.9134,1405946548
MARO,,,,,,
MARO,,,,,,
MARO,1. FNS-388 data. Totals are averaged.,,,,,
MARO,ALL DATA SUBJECT TO REVISION,,,,,
SERO,"SNAP Monthly State Participation and Benefit Summary, Fiscal Year 1989",,,,,
SERO,Fiscal Year and Month,Participation 1/,,Benefit,,
SERO,,Household,Persons,Per Household,Per Person,Cost
SERO,,----------------- Number -----------------,,------------------------------------------------------------------- Dollars -------------------------------------------------------------------,,
SERO,Alabama,,,,,
SERO,Oct 1988,153002,427623,150.0981,53.7046,22965304
SERO,Nov 1988,153226,426172,146.8347,52.793,22498896
SERO,Dec 1988,157222,438644,149.0439,53.4214,23432986
SERO,Jan 1989,157389,439131,146.9942,52.6842,23135266
SERO,Feb 1989,155863,432792,144.8796,52.176,22581362
SERO,Mar 1989,160501,446855,148.8974,53.4808,23898183
SERO,Apr 1989,159180,443095,148.0403,53.1828,23565051
SERO,May 1989,156525,432744,143.127,51.7695,22402959
SERO,Jun 1989,158047,438400,145.6963,52.5248,23026861
SERO,Jul 1989,157251,435296,145.5861,52.5931,22893563
SERO,Aug 1989,155922,428280,143.0437,52.0773,22303667
SERO,Sep 1989,158278,437504,147.5366,53.375,23351792
SERO,Total,156867.1667,435544.6667,146.6506,52.8181,276055890
SERO,,,,,,
SERO,,,,,,
SERO,Florida,,,,,
SERO,Oct 1988,252097,646479,148.5951,57.9453,37460389
SERO,Nov 1988,255877,655687,146.4169,57.1381,37464709
SERO,Dec 1988,257415,660820,146.7819,57.1772,37783857
SERO,Jan 1989,257176,658327,144.9134,56.6105,37268241
SERO,Feb 1989,254413,649914,145.4318,56.9302,36999753
SERO,Mar 1989,261836,669391,145.2373,56.8104,38028358
SERO,Apr 1989,259406,663784,143.7198,56.1655,37281788
SERO,May 1989,259406,663784,143.9707,56.2636,37346858
SERO,Jun 1989,264789,677234,143.1052,55.9521,37892683
SERO,Jul 1989,267273,683036,143.656,56.2128,38395367
SERO,Aug 1989,271511,691285,145.8955,57.3023,39612220
SERO,Sep 1989,271794,695523,146.1512,57.1125,39723026
SERO,Total,261082.75,667938.6667,145.3106,56.7988,455257249
SERO,,,,,,
SERO,,,,,,
SERO,Georgia,,,,,
SERO,Oct 1988,175081,471271,141.1426,52.4356,24711394
SERO,Nov 1988,176160,472450,139.9662,52.1885,24656448
SERO,Dec 1988,177986,478666,141.0258,52.4387,25100623
SERO,Jan 1989,180193,484707,139.9081,52.0118,25210460
SERO,Feb 1989,180719,485068,138.8939,51.7469,25100771
SERO,Mar 1989,185061,496313,139.5448,52.0323,25824305
SERO,Apr 1989,182457,490636,138.6826,51.5731,25303618
SERO,May 1989,181538,484619,136.9339,51.2954,24858708
SERO,Jun 1989,181888,486210,137.4346,51.4134,24997696
SERO,Jul 1989,181778,485681,138.1162,51.6934,25106478
SERO,Aug 1989,183051,486762,138.0847,51.9279,25276551
SERO,Sep 1989,184824,493186,138.6495,51.9596,25625762
SERO,Total,180894.6667,484630.75,139.0187,51.8905,301772814
SERO,,,,,,
SERO,,,,,,
SERO,Kentucky,,,,,
SERO,Oct 1988,164938,459197,152.796,54.8825,25201866
SERO,Nov 1988,166995,462370,150.1364,54.225,25072035
SERO,Dec 1988,159539,439995,159.4075,57.8,25431719
SERO,Jan 1989,161102,445493,158.7458,57.4067,25574268
SERO,Feb 1989,159827,445242,160.9193,57.7647,25719252
SERO,Mar 1989,161043,447854,161.8289,58.1918,26061414
SERO,Apr 1989,157576,435621,162.6139,58.8219,25624043
SERO,May 1989,163795,454845,151.2143,54.454,24768141
SERO,Jun 1989,155399,428771,156.8877,56.8606,24380187
SERO,Jul 1989,162103,448071,148.1924,53.613,24022435
SERO,Aug 1989,162502,446171,148.7507,54.1772,24172281
SERO,Sep 1989,162454,445038,147.3511,53.7882,23937780
SERO,Total,161439.4167,446555.6667,154.839,55.9776,299965421
SERO,,,,,,
SERO,,,,,,
SERO,Mississippi,,,,,
SERO,Oct 1988,169841,500756,159.6869,54.1609,27121383
SERO,Nov 1988,168030,484082,155.0315,53.8131,26049951
SERO,Dec 1988,171032,493742,156.4343,54.1888,26755277
SERO,Jan 1989,171771,496345,155.8034,53.9192,26762505
SERO,Feb 1989,170071,488052,153.8715,53.6194,26169079
SERO,Mar 1989,173583,503603,158.722,54.7086,27551437
SERO,Apr 1989,173336,500030,156.9496,54.4068,27205019
SERO,May 1989,171655,487295,150.2816,52.9384,25796596
SERO,Jun 1989,172452,493098,152.6711,53.3939,26328445
SERO,Jul 1989,172264,491564,152.9437,53.5977,26346699
SERO,Aug 1989,170625,483489,150.7553,53.2021,25722617
SERO,Sep 1989,173351,492254,155.3563,54.7099,26931175
SERO,Total,171500.9167,492859.1667,154.8778,53.893,318740183
SERO,,,,,,
SERO,,,,,,
SERO,North Carolina,,,,,
SERO,Oct 1988,149943,382152,124.892,49.0032,18726684
SERO,Nov 1988,150085,380125,122.1326,48.2217,18330266
SERO,Dec 1988,155045,394734,124.516,48.9078,19305584
SERO,Jan 1989,156163,397705,122.402,48.0624,19114658
SERO,Feb 1989,154760,392795,121.845,48.0066,18856738
SERO,Mar 1989,158005,403366,126.2934,49.4712,19954989
SERO,Apr 1989,156714,400036,125.2364,49.0613,19626298
SERO,May 1989,153138,387923,122.0332,48.1743,18687913
SERO,Jun 1989,153463,389584,121.8909,48.0146,18705737
SERO,Jul 1989,152545,386258,121.9823,48.1745,18607796
SERO,Aug 1989,151860,381299,121.1506,48.2507,18397931
SERO,Sep 1989,153261,387675,126.4069,49.9729,19373243
SERO,Total,153748.5,390304.3333,123.4092,48.6133,227687837
SERO,,,,,,
SERO,,,,,,
SERO,South Carolina,,,,,
SERO,Oct 1988,89005,254754,150.6542,52.635,13408974
SERO,Nov 1988,88480,252294,148.4043,52.0457,13130809
SERO,Dec 1988,90137,257557,150.281,52.5937,13545874
SERO,Jan 1989,89811,256582,148.764,52.0716,13360640
SERO,Feb 1989,89265,254076,146.51,51.4736,13078213
SERO,Mar 1989,90916,260314,151.586,52.9422,13781593
SERO,Apr 1989,90182,258107,150.4913,52.5813,13571604
SERO,May 1989,91210,258857,143.0828,50.4162,13050583
SERO,Jun 1989,89530,254993,148.2783,52.0617,13275358
SERO,Jul 1989,90412,252258,145.6137,52.1895,13165228
SERO,Aug 1989,88393,249251,147.5055,52.3106,13038458
SERO,Sep 1989,152276,455486,136.7367,45.7132,20821711
SERO,Total,94968.0833,272044.0833,146.7414,51.2261,167229045
SERO,,,,,,
SERO,,,,,,
SERO,Tennessee,,,,,
SERO,Oct 1988,187236,488284,136.9386,52.5101,25639842
SERO,Nov 1988,189293,493024,135.4313,51.9979,25636190
SERO,Dec 1988,191606,498908,135.8912,52.1891,26037571
SERO,Jan 1989,193198,503090,135.657,52.0954,26208661
SERO,Feb 1989,195232,508793,136.2783,52.2922,26605891
SERO,Mar 1989,198404,516716,136.1631,52.2827,27015300
SERO,Apr 1989,194784,505933,135.8749,52.3118,26466266
SERO,May 1989,193141,499506,134.0695,51.8398,25894310
SERO,Jun 1989,191597,494960,133.6593,51.739,25608712
SERO,Jul 1989,191692,494625,134.0824,51.9637,25702533
SERO,Aug 1989,193989,500159,133.3396,51.7164,25866412
SERO,Sep 1989,192551,495958,133.3688,51.7792,25680303
SERO,Total,192726.9167,499996.3333,135.0624,52.0607,312361991
SERO,,,,,,
SERO,,,,,,
SERO,SERO,,,,,
SERO,Oct 1988,1341143,3630516,145.5742,53.7763,195235836
SERO,Nov 1988,1348146,3626204,143.0404,53.1794,192839304
SERO,Dec 1988,1359982,3663066,145.1442,53.8875,197393491
SERO,Jan 1989,1366803,3681380,143.8647,53.4133,196634699
SERO,Feb 1989,1360150,3656732,143.4482,53.3567,195111059
SERO,Mar 1989,1389349,3744412,145.475,53.9779,202115579
SERO,Apr 1989,1373635,3697242,144.6117,53.7275,198643687
SERO,May 1989,1370408,3669573,140.6925,52.5418,192806068
SERO,Jun 1989,1367165,3663250,142.0572,53.0173,194215679
SERO,Jul 1989,1375318,3676789,141.2329,52.8287,194240099
SERO,Aug 1989,1377853,3666696,141.0819,53.0151,194390137
SERO,Sep 1989,1448789,3902624,141.8045,52.6427,205444792
SERO,Total,1373228.4167,3689873.6667,143.1584,53.278,2359070430
SERO,,,,,,
SERO,,,,,,
SERO,1. FNS-388 data. Totals are averaged.,,,,,
SERO,ALL DATA SUBJECT TO REVISION,,,,,
MWRO,"SNAP Monthly State Participation and Benefit Summary, Fiscal Year 1989",,,,,
MWRO,Fiscal Year and Month,Participation 1/,,Benefit,,
MWRO,,Household,Persons,Per Household,Per Person,Cost
MWRO,,----------------- Number -----------------,,------------------------------------------------------------------- Dollars -------------------------------------------------------------------,,
MWRO,Illinois,,,,,
MWRO,Oct 1988,405572,1001115,152.2574,61.6825,61751319
MWRO,Nov 1988,403977,994391,151.3739,61.4965,61151560
MWRO,Dec 1988,406688,1000315,151.2102,61.476,61495363
MWRO,Jan 1989,405536,1000856,151.6788,61.4586,61511212
MWRO,Feb 1989,402533,989760,150.3487,61.1465,60520326
MWRO,Mar 1989,408940,1006559,152.6415,62.0144,62421196
MWRO,Apr 1989,404400,995251,150.7213,61.2425,60951709
MWRO,May 1989,401886,986623,150.0483,61.1199,60302296
MWRO,Jun 1989,400685,985369,149.8745,60.9441,60052475
MWRO,Jul 1989,395337,974221,150.026,60.8803,59310838
MWRO,Aug 1989,396289,973376,151.5195,61.6879,60045518
MWRO,Sep 1989,393671,966160,151.8981,61.8923,59797867
MWRO,Total,402126.1667,989499.6667,151.1366,61.4209,729311679
MWRO,,,,,,
MWRO,,,,,,
MWRO,Indiana,,,,,
MWRO,Oct 1988,99171,284804,154.774,53.8935,15349092
MWRO,Nov 1988,97659,278625,151.4984,53.1007,14795186
MWRO,Dec 1988,99796,286316,152.8075,53.2613,15249574
MWRO,Jan 1989,101160,289993,153.081,53.4002,15485672
MWRO,Feb 1989,100790,288336,153.0218,53.4899,15423064
MWRO,Mar 1989,103223,296964,170.2622,59.1822,17574973
MWRO,Apr 1989,101681,291987,155.8699,54.2798,15849003
MWRO,May 1989,98203,280395,152.2,53.3051,14946493
MWRO,Jun 1989,98354,281484,153.0722,53.4853,15055267
MWRO,Jul 1989,96816,276276,152.8934,53.5788,14802528
MWRO,Aug 1989,99098,282643,152.8286,53.5835,15145005
MWRO,Sep 1989,99476,283865,151.7858,53.1909,15099040
MWRO,Total,99618.9167,285140.6667,154.5681,54.0011,184774897
MWRO,,,,,,
MWRO,,,,,,
MWRO,Michigan,,,,,
MWRO,Oct 1988,357198,863842,114.6573,47.4107,40955350
MWRO,Nov 1988,356694,858718,118.6017,49.2647,42304519
MWRO,Dec 1988,359318,865772,118.7797,49.2967,42679671
MWRO,Jan 1989,363165,873318,117.959,49.0527,42838595
MWRO,Feb 1989,363883,873772,119.0653,49.5848,43325833
MWRO,Mar 1989,369164,886096,131.271,54.6899,48460539
MWRO,Apr 1989,368411,884499,116.9077,48.6943,43070086
MWRO,May 1989,365798,876145,112.2042,46.8462,41044090
MWRO,Jun 1989,366206,880957,112.9779,46.9639,41373182
MWRO,Jul 1989,363074,876266,113.204,46.9052,41101444
MWRO,Aug 1989,364360,875425,113.2985,47.1559,41281440
MWRO,Sep 1989,363938,875054,113.1657,47.066,41185300
MWRO,Total,363434.0833,874155.3333,116.8529,48.5821,509620049
MWRO,,,,,,
MWRO,,,,,,
MWRO,Minnesota,,,,,
MWRO,Oct 1988,95653,240926,112.4042,44.627,10751802
MWRO,Nov 1988,95378,239645,110.4616,43.9634,10535606
MWRO,Dec 1988,96031,240262,111.9065,44.7282,10746493
MWRO,Jan 1989,96301,239177,113.2918,45.6152,10910112
MWRO,Feb 1989,97514,241824,111.3964,44.9199,10862712
MWRO,Mar 1989,99474,249897,112.2058,44.6647,11161564
MWRO,Apr 1989,99496,249690,110.6797,44.1034,11012188
MWRO,May 1989,99120,248014,109.0936,43.5998,10813354
MWRO,Jun 1989,99754,250032,112.0565,44.7066,11178080
MWRO,Jul 1989,98198,246246,113.9029,45.4222,11185036
MWRO,Aug 1989,99301,248854,111.2307,44.3847,11045318
MWRO,Sep 1989,99092,248234,111.5559,44.5318,11054300
MWRO,Total,97942.6667,245233.4167,111.6781,44.6026,131256565
MWRO,,,,,,
MWRO,,,,,,
MWRO,Ohio,,,,,
MWRO,Oct 1988,440271,1053529,143.0782,59.7925,62993181
MWRO,Nov 1988,439107,1045858,142.0982,59.6604,62396323
MWRO,Dec 1988,443778,1058423,142.3035,59.6654,63151180
MWRO,Jan 1989,448795,1067042,139.7758,58.7893,62730659
MWRO,Feb 1989,450242,1072523,139.3635,58.5044,62747314
MWRO,Mar 1989,454370,1081498,134.6803,56.5833,61194681
MWRO,Apr 1989,453063,1078666,132.5655,55.6804,60060520
MWRO,May 1989,453351,1077613,138.0822,58.0911,62599693
MWRO,Jun 1989,453863,1076850,136.6157,57.5798,62004814
MWRO,Jul 1989,450958,1071114,137.6595,57.9571,62078649
MWRO,Aug 1989,451969,1072680,138.5959,58.3968,62641061
MWRO,Sep 1989,447482,1059902,138.4797,58.465,61967188
MWRO,Total,448937.4167,1067974.8333,138.5801,58.254,746565263
MWRO,,,,,,
MWRO,,,,,,
MWRO,Wisconsin,,,,,
MWRO,Oct 1988,101117,296767,132.1996,45.0442,13367627
MWRO,Nov 1988,99807,292145,130.7734,44.6768,13052104
MWRO,Dec 1988,100513,294050,130.6164,44.6477,13128644
MWRO,Jan 1989,101312,296037,129.5516,44.3361,13125136
MWRO,Feb 1989,100730,293325,129.1756,44.3599,13011855
MWRO,Mar 1989,102036,297779,131.0663,44.9107,13373477
MWRO,Apr 1989,101350,296125,130.6502,44.7156,13241394
MWRO,May 1989,98748,288079,131.0351,44.9163,12939450
MWRO,Jun 1989,98343,287427,133.4109,45.6465,13120028
MWRO,Jul 1989,97225,284353,131.2707,44.8836,12762790
MWRO,Aug 1989,96117,280511,131.6895,45.1234,12657602
MWRO,Sep 1989,96659,282934,133.4964,45.6065,12903632
MWRO,Total,99496.4167,290794.3333,131.2306,44.9011,156683739
MWRO,,,,,,
MWRO,,,,,,
MWRO,MWRO,,,,,
MWRO,Oct 1988,1498982,3740983,136.8718,54.8434,205168371
MWRO,Nov 1988,1492622,3709382,136.8299,55.0591,204235298
MWRO,Dec 1988,1506124,3745138,137.0743,55.1251,206450925
MWRO,Jan 1989,1516269,3766423,136.2564,54.8535,206601386
MWRO,Feb 1989,1515692,3759540,135.8397,54.765,205891104
MWRO,Mar 1989,1537207,3818793,139.3348,56.0875,214186430
MWRO,Apr 1989,1528401,3796218,133.5938,53.7864,204184900
MWRO,May 1989,1517106,3756869,133.5736,53.94,202645376
MWRO,Jun 1989,1517205,3762119,133.6562,53.9015,202783846
MWRO,Jul 1989,1501608,3728476,134.0172,53.9741,201241285
MWRO,Aug 1989,1507134,3733489,134.5706,54.3234,202815944
MWRO,Sep 1989,1500318,3716149,134.643,54.3593,202007327
MWRO,Total,1511555.6667,3752798.25,135.5233,54.5862,2458212192
MWRO,,,,,,
MWRO,,,,,,
MWRO,1. FNS-388 data. Totals are averaged.,,,,,
MWRO,ALL DATA SUBJECT TO REVISION,,,,,
SWRO ,"SNAP Monthly State Participation and Benefit Summary, Fiscal Year 1989",,,,,
SWRO ,Fiscal Year and Month,Participation 1/,,Benefit,,
SWRO ,,Household,Persons,Per Household,Per Person,Cost
SWRO ,,----------------- Number -----------------,,------------------------------------------------------------------- Dollars -------------------------------------------------------------------,,
SWRO ,Arkansas,,,,,
SWRO ,Oct 1988,81029,221604,128.8594,47.1171,10441345
SWRO ,Nov 1988,82071,225194,131.8758,48.0616,10823180
SWRO ,Dec 1988,83251,229258,133.442,48.4571,11109179
SWRO ,Jan 1989,83617,229071,128.5079,46.9088,10745448
SWRO ,Feb 1989,84984,234862,134.4712,48.6579,11427898
SWRO ,Mar 1989,85921,238181,135.8215,48.996,11669917
SWRO ,Apr 1989,82973,227462,128.9391,47.0341,10698465
SWRO ,May 1989,83003,228050,131.4625,47.8482,10911778
SWRO ,Jun 1989,82000,225124,130.7961,47.6417,10725279
SWRO ,Jul 1989,80918,220392,127.8008,46.9227,10341383
SWRO ,Aug 1989,82552,226262,132.5986,48.3788,10946280
SWRO ,Sep 1989,81693,222503,129.7493,47.6381,10599613
SWRO ,Total,82834.3333,227330.25,131.2255,47.8158,130439765
SWRO ,,,,,,
SWRO ,,,,,,
SWRO ,Louisiana,,,,,
SWRO ,Oct 1988,238761,715230,168.4626,56.2369,40222310
SWRO ,Nov 1988,238872,713634,167.5731,56.0911,40028524
SWRO ,Dec 1988,241531,720203,167.3732,56.1311,40425811
SWRO ,Jan 1989,242883,723017,164.5793,55.2871,39973502
SWRO ,Feb 1989,244664,727862,165.7103,55.702,40543347
SWRO ,Mar 1989,248113,736607,165.9366,55.8928,41171021
SWRO ,Apr 1989,246664,732198,164.8717,55.5422,40667914
SWRO ,May 1989,247284,731321,164.4125,55.5933,40656573
SWRO ,Jun 1989,246992,728601,163.3724,55.3824,40351685
SWRO ,Jul 1989,245356,722324,162.9457,55.3487,39979697
SWRO ,Aug 1989,247433,725832,163.2504,55.6514,40393534
SWRO ,Sep 1989,246283,719985,162.7184,55.6606,40074766
SWRO ,Total,244569.6667,724734.5,165.082,55.7088,484488684
SWRO ,,,,,,
SWRO ,,,,,,
SWRO ,New Mexico,,,,,
SWRO ,Oct 1988,45432,147740,174.1533,53.5544,7912134
SWRO ,Nov 1988,46701,148744,174.3621,54.7443,8142885
SWRO ,Dec 1988,48426,150469,176.0802,56.6685,8526860
SWRO ,Jan 1989,48749,148071,170.0314,55.9789,8288859
SWRO ,Feb 1989,50474,152704,170.1248,56.2322,8586879
SWRO ,Mar 1989,52088,158015,171.3976,56.4994,8927759
SWRO ,Apr 1989,50387,151964,163.9352,54.3563,8260204
SWRO ,May 1989,50837,153382,166.7406,55.2646,8476590
SWRO ,Jun 1989,50253,151211,164.4108,54.6398,8262135
SWRO ,Jul 1989,48548,146512,164.501,54.5088,7986194
SWRO ,Aug 1989,50147,150328,165.903,55.3426,8319538
SWRO ,Sep 1989,49476,146860,160.4871,54.0669,7940262
SWRO ,Total,49293.1667,150500,168.4316,55.1663,99630299
SWRO ,,,,,,
SWRO ,,,,,,
SWRO ,Oklahoma,,,,,
SWRO ,Oct 1988,102650,263510,131.5135,51.2309,13499856
SWRO ,Nov 1988,101279,259157,129.7781,50.7175,13143792
SWRO ,Dec 1988,102677,263527,131.9485,51.4106,13548076
SWRO ,Jan 1989,103134,264830,130.0444,50.6438,13412000
SWRO ,Feb 1989,104257,268615,131.2134,50.9276,13679918
SWRO ,Mar 1989,105708,273536,132.8576,51.3428,14044113
SWRO ,Apr 1989,102822,264210,129.6566,50.4582,13331549
SWRO ,May 1989,101354,259060,129.4378,50.6409,13119039
SWRO ,Jun 1989,100480,255975,128.7258,50.5298,12934364
SWRO ,Jul 1989,99364,252067,128.3203,50.5834,12750417
SWRO ,Aug 1989,100005,253921,129.0463,50.824,12905278
SWRO ,Sep 1989,99338,250978,127.8414,50.6001,12699512
SWRO ,Total,101922.3333,260782.1667,130.0565,50.8304,159067914
SWRO ,,,,,,
SWRO ,,,,,,
SWRO ,Texas,,,,,
SWRO ,Oct 1988,507406,1542784,173.017,56.9035,87789875
SWRO ,Nov 1988,511673,1554639,172.6389,56.82,88334661
SWRO ,Dec 1988,521403,1586093,173.2275,56.9458,90321323
SWRO ,Jan 1989,526495,1600090,169.4387,55.7523,89208639
SWRO ,Feb 1989,535659,1629062,170.0146,55.9033,91069876
SWRO ,Mar 1989,547937,1663918,170.5954,56.178,93475514
SWRO ,Apr 1989,548631,1661330,168.4958,55.6434,92442017
SWRO ,May 1989,553559,1668198,167.8428,55.6953,92910871
SWRO ,Jun 1989,555787,1665798,166.1394,55.4318,92338138
SWRO ,Jul 1989,556939,1659003,165.09,55.4219,91945051
SWRO ,Aug 1989,566431,1681021,165.5046,55.7679,93746955
SWRO ,Sep 1989,574165,1701921,165.1338,55.71,94814039
SWRO ,Total,542173.75,1634488.0833,168.8261,56.0011,1098396959
SWRO ,,,,,,
SWRO ,,,,,,
SWRO ,SWRO,,,,,
SWRO ,Oct 1988,975278,2890868,163.9179,55.3002,159865520
SWRO ,Nov 1988,980596,2901368,163.6485,55.3094,160473042
SWRO ,Dec 1988,997288,2949550,164.377,55.5784,163931249
SWRO ,Jan 1989,1004878,2965079,160.8439,54.5107,161628448
SWRO ,Feb 1989,1020038,3013105,162.0605,54.863,165307918
SWRO ,Mar 1989,1039767,3070257,162.8137,55.1382,169288324
SWRO ,Apr 1989,1031477,3037164,160.3527,54.4587,165400149
SWRO ,May 1989,1036037,3040011,160.2982,54.6297,166074851
SWRO ,Jun 1989,1035512,3026709,158.9664,54.3863,164611601
SWRO ,Jul 1989,1031125,3000298,158.0824,54.3289,163002742
SWRO ,Aug 1989,1046568,3037364,158.9114,54.7552,166311585
SWRO ,Sep 1989,1050955,3042247,158.0736,54.6071,166128192
SWRO ,Total,1020793.25,2997835,160.9878,54.818,1972023621
SWRO ,,,,,,
SWRO ,,,,,,
SWRO ,1. FNS-388 data. Totals are averaged.,,,,,
SWRO ,ALL DATA SUBJECT TO REVISION,,,,,
MPRO,"SNAP Monthly State Participation and Benefit Summary, Fiscal Year 1989",,,,,
MPRO,Fiscal Year and Month,Participation 1/,,Benefit,,
MPRO,,Household,Persons,Per Household,Per Person,Cost
MPRO,,----------------- Number -----------------,,------------------------------------------------------------------- Dollars -------------------------------------------------------------------,,
MPRO,Colorado,,,,,
MPRO,Oct 1988,78380,202057,138.5656,53.751,10860769
MPRO,Nov 1988,78586,201546,137.1396,53.4729,10777256
MPRO,Dec 1988,83117,214071,134.9121,52.3821,11213487
MPRO,Jan 1989,83673,215754,134.5349,52.1749,11256936
MPRO,Feb 1989,83977,216553,134.6642,52.2214,11308699
MPRO,Mar 1989,86645,223647,135.6985,52.5721,11757595
MPRO,Apr 1989,84515,217931,136.3916,52.8935,11527139
MPRO,May 1989,82785,211720,132.8237,51.9356,10995809
MPRO,Jun 1989,82672,211614,133.1004,51.9988,11003676
MPRO,Jul 1989,80429,206645,132.925,51.7362,10691025
MPRO,Aug 1989,81406,206384,132.3936,52.2213,10777634
MPRO,Sep 1989,80903,207745,134.1788,52.2538,10855471
MPRO,Total,82257.3333,211305.5833,134.7656,52.4617,133025496
MPRO,,,,,,
MPRO,,,,,,
MPRO,Iowa,,,,,
MPRO,Oct 1988,66597,167517,124.4893,49.4912,8290615
MPRO,Nov 1988,66374,166294,121.5942,48.5327,8070692
MPRO,Dec 1988,67416,169327,122.479,48.7639,8257042
MPRO,Jan 1989,68101,171114,121.8276,48.4857,8296583
MPRO,Feb 1989,68155,170432,121.0832,48.4206,8252424
MPRO,Mar 1989,69337,174279,122.9049,48.8978,8521854
MPRO,Apr 1989,68915,173384,121.4966,48.2913,8372941
MPRO,May 1989,66947,167238,119.4351,47.811,7995822
MPRO,Jun 1989,66225,165806,120.1768,48.0001,7958706
MPRO,Jul 1989,65615,164508,120.9713,48.2501,7937532
MPRO,Aug 1989,65432,163210,116.9266,46.8767,7650740
MPRO,Sep 1989,65424,163431,117.6545,47.0989,7697427
MPRO,Total,67044.8333,168045,120.9419,48.2521,97302378
MPRO,,,,,,
MPRO,,,,,,
MPRO,Kansas,,,,,
MPRO,Oct 1988,47310,119434,137.4643,54.4521,6503438
MPRO,Nov 1988,45928,120319,140.7835,53.7397,6465903
MPRO,Dec 1988,45928,123308,142.9545,53.2456,6565612
MPRO,Jan 1989,50390,124673,130.9914,52.9437,6600655
MPRO,Feb 1989,48464,126991,136.3261,52.0266,6606909
MPRO,Mar 1989,50312,132343,137.5026,52.2735,6918032
MPRO,Apr 1989,49547,130660,138.6294,52.569,6868669
MPRO,May 1989,49765,130304,133.1092,50.8364,6624180
MPRO,Jun 1989,50678,130347,131.1041,50.9724,6644094
MPRO,Jul 1989,50043,130767,131.7246,50.4095,6591895
MPRO,Aug 1989,51009,132794,130.6697,50.193,6665329
MPRO,Sep 1989,51332,133758,131.7114,50.5466,6761009
MPRO,Total,49225.5,127974.8333,135.1192,51.9736,79815725
MPRO,,,,,,
MPRO,,,,,,
MPRO,Missouri,,,,,
MPRO,Oct 1988,147793,392727,141.4327,53.2247,20902762
MPRO,Nov 1988,148024,393268,140.8714,53.0233,20852350
MPRO,Dec 1988,151347,402334,140.7843,52.9592,21307283
MPRO,Jan 1989,152917,406075,137.8391,51.9065,21077944
MPRO,Feb 1989,154205,408706,138.8698,52.3957,21414421
MPRO,Mar 1989,157214,417700,140.246,52.7858,22048628
MPRO,Apr 1989,156991,413991,137.835,52.2689,21638854
MPRO,May 1989,154087,405951,137.6904,52.2632,21216295
MPRO,Jun 1989,153530,403888,137.7345,52.357,21146379
MPRO,Jul 1989,152523,400284,137.7085,52.472,21003715
MPRO,Aug 1989,153776,402392,137.5246,52.5557,21147987
MPRO,Sep 1989,154925,405106,137.2618,52.4931,21265290
MPRO,Total,153111,404368.5,138.8001,52.5556,255021908
MPRO,,,,,,
MPRO,,,,,,
MPRO,Montana,,,,,
MPRO,Oct 1988,19927,52574,141.1325,53.4931,2812347
MPRO,Nov 1988,20355,53630,140.2679,53.238,2855154
MPRO,Dec 1988,21072,55971,141.9382,53.437,2990922
MPRO,Jan 1989,21397,56969,141.6897,53.2173,3031734
MPRO,Feb 1989,21583,57500,141.76,53.2106,3059607
MPRO,Mar 1989,22186,59347,143.7368,53.7339,3188945
MPRO,Apr 1989,22057,58987,143.0721,53.4989,3155741
MPRO,May 1989,21486,58091,139.3664,51.5472,2994426
MPRO,Jun 1989,21403,57753,146.5905,54.3258,3137476
MPRO,Jul 1989,20346,53992,138.5866,52.2241,2819682
MPRO,Aug 1989,20053,52813,138.4226,52.5588,2775789
MPRO,Sep 1989,20920,52536,132.9122,52.9261,2780523
MPRO,Total,21065.4167,55846.9167,140.8404,53.1249,35602346
MPRO,,,,,,
MPRO,,,,,,
MPRO,Nebraska,,,,,
MPRO,Oct 1988,33419,90964,124.9721,45.9131,4176441
MPRO,Nov 1988,35468,90678,116.0235,45.3817,4115120
MPRO,Dec 1988,36008,92264,116.555,45.4881,4196912
MPRO,Jan 1989,36318,93307,116.5003,45.3456,4231058
MPRO,Feb 1989,36461,93390,116.7286,45.5728,4256041
MPRO,Mar 1989,37100,95368,117.5689,45.7366,4361807
MPRO,Apr 1989,36601,94141,122.6372,47.68,4488644
MPRO,May 1989,36108,92301,115.6517,45.2428,4175952
MPRO,Jun 1989,35841,92126,115.5382,44.9494,4141004
MPRO,Jul 1989,35595,91523,115.4906,44.9164,4110887
MPRO,Aug 1989,35845,91587,115.1427,45.0641,4127289
MPRO,Sep 1989,35575,90243,113.3982,44.7031,4034140
MPRO,Total,35861.5833,92324.3333,117.1525,45.5056,50415295
MPRO,,,,,,
MPRO,,,,,,
MPRO,North Dakota,,,,,
MPRO,Oct 1988,13298,36315,125.6758,46.0206,1671237
MPRO,Nov 1988,13708,37347,125.0783,45.9093,1714574
MPRO,Dec 1988,14174,38926,127.702,46.4997,1810048
MPRO,Jan 1989,14327,39231,123.5476,45.1191,1770067
MPRO,Feb 1989,14662,40145,128.3008,46.8588,1881146
MPRO,Mar 1989,14825,40561,127.1448,46.4713,1884921
MPRO,Apr 1989,14577,39494,121.576,44.873,1772214
MPRO,May 1989,14198,38680,123.703,45.4068,1756335
MPRO,Jun 1989,14440,40314,140.8861,50.4638,2034396
MPRO,Jul 1989,14128,38847,117.7431,42.8212,1663474
MPRO,Aug 1989,13901,37536,126.9676,47.0209,1764977
MPRO,Sep 1989,13771,36663,122.2836,45.931,1683968
MPRO,Total,14167.4167,38671.5833,125.919,46.1307,21407357
MPRO,,,,,,
MPRO,,,,,,
MPRO,South Dakota,,,,,
MPRO,Oct 1988,16500,49200,156.3178,52.4237,2579244
MPRO,Nov 1988,16500,48900,151.9536,51.2727,2507234
MPRO,Dec 1988,17000,50600,155.8506,52.3609,2649460
MPRO,Jan 1989,17400,51800,154.5004,51.8978,2688307
MPRO,Feb 1989,17300,51100,150.47,50.9419,2603131
MPRO,Mar 1989,17600,52200,156.6358,52.8121,2756790
MPRO,Apr 1989,17700,52500,154.6173,52.1281,2736726
MPRO,May 1989,16900,49900,151.8515,51.4287,2566290
MPRO,Jun 1989,16900,50300,153.8513,51.6916,2600087
MPRO,Jul 1989,16700,49500,152.444,51.4306,2545815
MPRO,Aug 1989,16400,48600,153.1761,51.6891,2512088
MPRO,Sep 1989,16600,48900,152.4506,51.7521,2530680
MPRO,Total,16958.3333,50291.6667,153.6897,51.8241,31275852
MPRO,,,,,,
MPRO,,,,,,
MPRO,Utah,,,,,
MPRO,Oct 1988,32153,90452,154.5958,54.9542,4970718
MPRO,Nov 1988,32720,91497,151.1982,54.0696,4947206
MPRO,Dec 1988,32574,91555,156.4109,55.6488,5094929
MPRO,Jan 1989,34651,97469,149.3534,53.0963,5175243
MPRO,Feb 1989,34668,97037,151.448,54.1072,5250398
MPRO,Mar 1989,35096,98885,155.9563,55.3516,5473444
MPRO,Apr 1989,34834,98355,153.7074,54.4379,5354244
MPRO,May 1989,34725,97340,147.7553,52.7101,5130802
MPRO,Jun 1989,34235,95648,148.8114,53.2636,5094559
MPRO,Jul 1989,33881,94381,145.4566,52.2162,4928215
MPRO,Aug 1989,33861,93793,144.1156,52.0284,4879897
MPRO,Sep 1989,33758,93572,146.1204,52.7159,4932731
MPRO,Total,33929.6667,94998.6667,150.3905,53.7134,61232386
MPRO,,,,,,
MPRO,,,,,,
MPRO,Wyoming,,,,,
MPRO,Oct 1988,9058,24746,146.5623,53.6475,1327561
MPRO,Nov 1988,9269,25239,146.0374,53.6321,1353621
MPRO,Dec 1988,9701,26634,147.7001,53.7974,1432839
MPRO,Jan 1989,10007,27697,148.1543,53.5285,1482580
MPRO,Feb 1989,10172,28162,148.1448,53.5093,1506929
MPRO,Mar 1989,10470,28958,150.5378,54.4282,1576131
MPRO,Apr 1989,10373,28500,149.9879,54.5904,1555825
MPRO,May 1989,10255,28338,147.223,53.2773,1509772
MPRO,Jun 1989,10328,29291,153.5792,54.152,1586166
MPRO,Jul 1989,9888,27815,150.2795,53.4231,1485964
MPRO,Aug 1989,9575,26219,146.0371,53.3317,1398305
MPRO,Sep 1989,9504,25827,144.7993,53.2843,1376173
MPRO,Total,9883.3333,27285.5,148.3294,53.7278,17591866
MPRO,,,,,,
MPRO,,,,,,
MPRO,MPRO,,,,,
MPRO,Oct 1988,464435,1225986,138.0067,52.2805,64095132
MPRO,Nov 1988,466932,1228718,136.3349,51.8094,63659110
MPRO,Dec 1988,478337,1264990,136.9715,51.7937,65518534
MPRO,Jan 1989,489181,1284089,134.1244,51.0955,65611107
MPRO,Feb 1989,489647,1290016,135.0763,51.2705,66139705
MPRO,Mar 1989,500785,1323288,136.7616,51.756,68488147
MPRO,Apr 1989,496110,1307943,136.0001,51.5856,67470997
MPRO,May 1989,487256,1279863,133.3297,50.7599,64965683
MPRO,Jun 1989,486252,1277087,134.3882,51.1684,65346543
MPRO,Jul 1989,479148,1258262,133.1075,50.6875,63778204
MPRO,Aug 1989,481258,1255328,132.3615,50.7437,63700035
MPRO,Sep 1989,482712,1257781,132.4131,50.8176,63917412
MPRO,Total,483504.4167,1271112.5833,134.8989,51.3127,782690609
MPRO,,,,,,
MPRO,,,,,,
MPRO,1. FNS-388 data. Totals are averaged.,,,,,
MPRO,ALL DATA SUBJECT TO REVISION,,,,,
WRO,"SNAP Monthly State Participation and Benefit Summary, Fiscal Year 1989",,,,,
WRO,Fiscal Year and Month,Participation 1/,,Benefit,,
WRO,,Household,Persons,Per Household,Per Person,Cost
WRO,,----------------- Number -----------------,,------------------------------------------------------------------- Dollars -------------------------------------------------------------------,,
WRO,Alaska,,,,,
WRO,Oct 1988,8251,24314,219.4378,74.4666,1810581
WRO,Nov 1988,8428,24826,225.6379,76.6002,1901676
WRO,Dec 1988,8622,25329,231.2455,78.7161,1993799
WRO,Jan 1989,8723,25632,228.9851,77.9275,1997437
WRO,Feb 1989,9032,26501,234.8608,80.0446,2121263
WRO,Mar 1989,9954,29078,243.3155,83.2919,2421962
WRO,Apr 1989,9924,29138,230.7331,78.5845,2289795
WRO,May 1989,9772,28595,226.0433,77.2476,2208895
WRO,Jun 1989,9771,28593,206.0297,70.4059,2013116
WRO,Jul 1989,8292,24746,219.6813,73.6118,1821597
WRO,Aug 1989,7963,23766,224.0318,75.0637,1783965
WRO,Sep 1989,7747,23122,218.9528,73.3599,1696227
WRO,Total,8873.25,26136.6667,225.963,76.7132,24060313
WRO,,,,,,
WRO,,,,,,
WRO,American Samoa,,,,,
WRO, No data found.,,,,,
WRO,,,,,,
WRO,,,,,,
WRO,Arizona,,,,,
WRO,Oct 1988,83162,248014,167.6564,56.2172,13942644
WRO,Nov 1988,84068,248866,165.6547,55.9589,13926256
WRO,Dec 1988,85791,253232,167.4866,56.7418,14368844
WRO,Jan 1989,88052,258791,162.9262,55.4346,14345976
WRO,Feb 1989,87761,256982,161.4429,55.1338,14168388
WRO,Mar 1989,89997,263666,167.3619,57.1256,15062066
WRO,Apr 1989,93047,271697,158.3391,54.2258,14732975
WRO,May 1989,90355,263456,161.868,55.5143,14625582
WRO,Jun 1989,91964,269622,162.8488,55.5453,14976227
WRO,Jul 1989,92948,272507,161.7911,55.1845,15038158
WRO,Aug 1989,94805,276862,163.1911,55.881,15471328
WRO,Sep 1989,96978,283423,163.198,55.841,15826620
WRO,Total,89910.6667,263926.5,163.5745,55.7242,176485064
WRO,,,,,,
WRO,,,,,,
WRO,California,,,,,
WRO,Oct 1988,592000,1696000,100.587,35.1106,59547515
WRO,Nov 1988,600600,1718000,100.8199,35.2459,60552438
WRO,Dec 1988,610000,1748000,101.752,35.5084,62068700
WRO,Jan 1989,615500,1758000,100.6354,35.2338,61941091
WRO,Feb 1989,619400,1769000,101.0915,35.3963,62616052
WRO,Mar 1989,636400,1812000,101.714,35.7234,64730809
WRO,Apr 1989,635000,1809000,100.8046,35.3847,64010921
WRO,May 1989,630675,1780476,102.0032,36.1313,64330841
WRO,Jun 1989,634900,1797000,101.6523,35.9149,64539054
WRO,Jul 1989,630675,1780476,100.4919,35.5959,63377727
WRO,Aug 1989,647901,1827414,93.3668,33.1028,60492431
WRO,Sep 1989,644631,1814642,91.5265,32.5137,59000787
WRO,Total,624806.8333,1775834,99.6586,35.0637,747208366
WRO,,,,,,
WRO,,,,,,
WRO,Guam,,,,,
WRO,Oct 1988,3396,12898,374.1941,98.524,1270763
WRO,Nov 1988,3478,13020,350.5624,93.6449,1219256
WRO,Dec 1988,3554,13431,353.5974,93.566,1256685
WRO,Jan 1989,3430,12708,347.5239,93.7997,1192007
WRO,Feb 1989,3344,12399,344.4779,92.9054,1151934
WRO,Mar 1989,4398,12382,267.1685,94.8964,1175007
WRO,Apr 1989,3331,12646,352.6911,92.9,1174814
WRO,May 1989,3312,12112,339.9617,92.9618,1125953
WRO,Jun 1989,3375,12525,350.3597,94.4083,1182464
WRO,Jul 1989,3312,12200,353.8825,96.0704,1172059
WRO,Aug 1989,3398,12430,341.3246,93.3082,1159821
WRO,Sep 1989,3373,12162,340.5331,94.4432,1148618
WRO,Total,3475.0833,12576.0833,341.224,94.2886,14229381
WRO,,,,,,
WRO,,,,,,
WRO,Hawaii,,,,,
WRO,Oct 1988,30652,78125,209.5385,82.2115,6422774
WRO,Nov 1988,31781,78178,200.6443,81.5661,6376678
WRO,Dec 1988,30996,78845,206.8821,81.3307,6412518
WRO,Jan 1989,31935,80663,195.8553,77.5404,6254638
WRO,Feb 1989,31514,79099,193.7993,77.212,6107390
WRO,Mar 1989,30507,77324,205.0557,80.9016,6255633
WRO,Apr 1989,30417,76822,203.8822,80.7254,6201484
WRO,May 1989,30295,76055,202.4826,80.6549,6134210
WRO,Jun 1989,30657,76644,202.3404,80.9346,6203150
WRO,Jul 1989,31926,79510,186.0599,74.7094,5940147
WRO,Aug 1989,31934,79135,184.3003,74.3722,5885446
WRO,Sep 1989,30740,76938,193.9003,77.4714,5960495
WRO,Total,31112.8333,78111.5,198.6173,79.1119,74154563
WRO,,,,,,
WRO,,,,,,
WRO,Idaho,,,,,
WRO,Oct 1988,20096,58278,145.714,50.2466,2928269
WRO,Nov 1988,20400,59160,142.2848,49.0637,2902609
WRO,Dec 1988,21311,61802,144.3273,49.768,3075759
WRO,Jan 1989,21896,63498,145.5509,50.1903,3186982
WRO,Feb 1989,22323,64736,144.901,49.9664,3234625
WRO,Mar 1989,23143,67114,148.9606,51.3663,3447396
WRO,Apr 1989,22614,65580,149.686,51.6163,3385000
WRO,May 1989,21255,61640,144.2806,49.7515,3066685
WRO,Jun 1989,20721,60091,143.8605,49.607,2980933
WRO,Jul 1989,19623,55153,143.3557,51.0048,2813068
WRO,Aug 1989,19958,57878,139.1668,47.9887,2777490
WRO,Sep 1989,19488,56516,141.2153,48.6942,2752003
WRO,Total,21069,60953.8333,144.5679,49.9706,36550819
WRO,,,,,,
WRO,,,,,,
WRO,Nevada,,,,,
WRO,Oct 1988,17453,37732,133.7399,61.8616,2334163
WRO,Nov 1988,17804,38432,132.6764,61.4636,2362170
WRO,Dec 1988,18170,39244,134.8431,62.4325,2450100
WRO,Jan 1989,18589,40442,133.9261,61.5586,2489553
WRO,Feb 1989,19246,41960,133.5815,61.2705,2570910
WRO,Mar 1989,19498,42426,134.8601,61.9786,2629502
WRO,Apr 1989,19151,41879,134.1033,61.3246,2568212
WRO,May 1989,19166,41452,131.1062,60.6191,2512781
WRO,Jun 1989,18571,40585,136.8015,62.598,2540541
WRO,Jul 1989,19177,41831,135.7795,62.2467,2603843
WRO,Aug 1989,20347,44504,135.3495,61.8811,2753957
WRO,Sep 1989,20621,45476,142.9627,64.8261,2948033
WRO,Total,18982.75,41330.25,135.0514,62.0283,30763765
WRO,,,,,,
WRO,,,,,,
WRO,Oregon,,,,,
WRO,Oct 1988,86904,203094,141.2171,60.4268,12272327
WRO,Nov 1988,88594,207361,141.6724,60.5289,12551323
WRO,Dec 1988,90805,213097,142.8962,60.891,12975692
WRO,Jan 1989,92054,215505,140.8882,60.1811,12969321
WRO,Feb 1989,94902,222843,142.4808,60.6782,13521713
WRO,Mar 1989,97515,228917,143.254,61.0239,13969416
WRO,Apr 1989,94339,218447,131.5031,56.7912,12405870
WRO,May 1989,93423,217993,132.6176,56.8345,12389531
WRO,Jun 1989,91221,212930,131.5891,56.3739,12003688
WRO,Jul 1989,88573,205474,131.1708,56.5433,11618188
WRO,Aug 1989,89587,208695,132.8782,57.0409,11904161
WRO,Sep 1989,88077,204249,131.4304,56.6759,11575992
WRO,Total,91332.8333,213217.0833,137.0055,58.6871,150157222
WRO,,,,,,
WRO,,,,,,
WRO,Washington,,,,,
WRO,Oct 1988,125977,306396,124.0178,50.9908,15623387
WRO,Nov 1988,126509,307137,120.936,49.8132,15299487
WRO,Dec 1988,128865,313988,121.157,49.7245,15612901
WRO,Jan 1989,131280,321661,120.4947,49.1777,15818549
WRO,Feb 1989,132620,325669,123.1899,50.1658,16337438
WRO,Mar 1989,135527,332520,123.1634,50.1984,16691971
WRO,Apr 1989,134901,333375,123.3095,49.8975,16634572
WRO,May 1989,132954,327182,122.0532,49.5977,16227460
WRO,Jun 1989,131607,323586,121.3927,49.3721,15976125
WRO,Jul 1989,130663,320328,120.8857,49.3097,15795286
WRO,Aug 1989,130735,319547,119.9918,49.0918,15687134
WRO,Sep 1989,130212,318980,119.8823,48.9376,15610120
WRO,Total,130987.5,320864.0833,121.7129,49.6873,191314430
WRO,,,,,,
WRO,,,,,,
WRO,Outlying Areas,,,,,
WRO, No data found.,,,,,
WRO,,,,,,
WRO,,,,,,
WRO,WRO,,,,,
WRO,Oct 1988,967891,2664851,120.0057,43.5868,116152423
WRO,Nov 1988,981662,2694980,119.2792,43.4481,117091893
WRO,Dec 1988,998114,2746968,120.4422,43.7628,120214998
WRO,Jan 1989,1011459,2776900,118.8338,43.2841,120195554
WRO,Feb 1989,1020142,2799189,119.4243,43.5232,121829713
WRO,Mar 1989,1046939,2865427,120.7174,44.1064,126383762
WRO,Apr 1989,1042724,2858584,118.3474,43.1695,123403643
WRO,May 1989,1031207,2808961,118.9111,43.6538,122621938
WRO,Jun 1989,1032787,2821576,118.5291,43.3854,122415298
WRO,Jul 1989,1025189,2792225,117.2272,43.041,120180073
WRO,Aug 1989,1046628,2850231,112.6625,41.3706,117915733
WRO,Sep 1989,1041867,2835508,111.8366,41.0928,116518895
WRO,Total,1020550.75,2792950,117.9856,43.1122,1444923923
WRO,,,,,,
WRO,,,,,,
WRO,1. FNS-388 data. Totals are averaged.,,,,,
WRO,ALL DATA SUBJECT TO REVISION,,,,,
US Summary ,"SNAP Monthly State Participation and Benefit Summary, Fiscal Year 1989",,,,,
US Summary ,Fiscal Year and Month,Participation 1/,,Benefit,,
US Summary ,,Household,Persons,Per Household,Per Person,Cost
US Summary ,,----------------- Number -----------------,,------------------------------------------------------------------- Dollars -------------------------------------------------------------------,,
US Summary ,US Summary,,,,,
US Summary ,Oct 1988,7047600,18446735,136.3995,52.1116,961288970
US Summary ,Nov 1988,7067674,18434600,135.4848,51.9437,957562138
US Summary ,Dec 1988,7159716,18709788,136.5145,52.2403,977404835
US Summary ,Jan 1989,7215717,18814591,134.6671,51.6471,971719598
US Summary ,Feb 1989,7215334,18805348,135.2913,51.9093,976171875
US Summary ,Mar 1989,7364011,19188889,136.6334,52.435,1006169494
US Summary ,Apr 1989,7313190,19036458,134.3907,51.6285,982824374
US Summary ,May 1989,7271382,18858178,133.3553,51.4195,969677318
US Summary ,Jun 1989,7273655,18856665,133.2974,51.4173,969559542
US Summary ,Jul 1989,7217942,18696508,133.0168,51.3522,960107653
US Summary ,Aug 1989,7273683,18784944,132.516,51.3113,963879454
US Summary ,Sep 1989,7353057,19044857,132.3822,51.1116,973413984
US Summary ,Total,7231080.0833,18806463.4167,134.4864,51.71,11669779235
US Summary ,,,,,,
US Summary ,,,,,,
US Summary ,1. FNS-388 data. Totals are averaged.,,,,,
US Summary ,ALL DATA SUBJECT TO REVISION,,,,,
